app_id,app_name,category,description,avg_rating
1,"Adobe Express: AI Photo, Video",Art & Design,"Adobe Express is the quick and easy app to create on-brand content that helps your business stand out and make an impact. Whether you're a beginner or a seasoned creator, Adobe Express empowers you and your team to make high-quality marketing and business materials while maintaining brand consistency.

VIDEO MADE EASY
Looking for the best free video editor? Adobe Express makes video editing simple. Use customizable templates, upload clips from your gallery, trim and combine footage, add text,",4.3
2,Sketchbook,Art & Design,"From quick sketches to fully finished artwork, Sketchbook goes where your creativity takes you.
 
Sketchbook is an award-winning sketching, painting, and drawing app for anyone who loves to draw. Artists and illustrators love Sketchbook for its professional-grade feature set and highly customizable tools. Everyone loves Sketchbook for its elegant interface and natural drawing experience, free of distractions so you can focus on capturing and expressing your ideas.

•	A full complement of bru",4.0
3,Photo & Video Editor - Canva,Art & Design,"Welcome to Canva - where magic happens! Get ready to unleash your creativity with our all-in-one digital canvas. Enjoy easy-to-use photo & video editor, endless templates for resume, bio data, presentations, wedding invitation or other creative digital art ideas - right at your fingertips, and in over 12 Indian languages! Whether you're a professional designer, an aspiring artist, or simply someone looking to add a touch of creativity to your everyday life, Canva has something for everyone. Pack",4.6
4,"Picsart AI Photo Editor, Video",Art & Design,"Join the Picsart community of over 150 million creators around the world. With the Picsart AI photo editor and video editor, you can bring your creativity to life. Create with AI tools, make professional-level collages, design and add stickers, quickly remove and swap backgrounds, choose from hundreds of stylized photo filters, turn text into art with AI Image Generator, create AI avatars and more. Picsart is your go-to, all-in-one AI assisted editor with all the tools you need to give your cont",4.2
5,Arvin® - AI Logo Maker,Art & Design,"Ready to create a professional logo for your brand? Meet Arvin, your AI-powered logo maker that makes designing logos easier.

Imagine sitting at your desk, struggling to come up with a logo design idea and create a logo that captures your brand's identity. Those days are now behind you. With Arvin, your logo and icon maker buddy, you can generate quality logos quickly. No logo design experience is required.

Here's why Arvin is an efficient logo maker:
Super Easy to Use
Whether you're a b",4.5
6,PaperColor,Art & Design,"PaperColor is an excellent painting application which is imitating the paintbrush to draw and doodle, graffiti. Easy to paint, learning to paint!
We have different styles paintbrush and colour library. Help you to creating the perfect artworks.
Whether you on journey, stay alone, In the party or just want to waste time in the airplane，It is the best application that you can draw on your phone or tablet.

Exquisite drawing tools!
★Handwriting signature with pen after you have finished the wo",4.1
7,AR Drawing : Trace Anything,Art & Design,"If you are into Activities, Drawing & Coloring, this app is for you. Activities such as coloring and drawing are sometimes family-oriented games.

AR Drawing Sketch Paint: Trace, Draw, and Create! 💥 ✍️

Experience a different level of art by using the AR Drawing Sketch Paint app. This app will guide you through mastering art drawing as a whole. You can quickly turn any picture into an actual masterpiece by using a trace or AR-draw sketch.

🖊️ What Can You Do with AR Drawing Sketch Paint! 🖌",4.6
8,ImagineArt: AI Image Generator,Art & Design,"ImagineArt: Your All-in-One AI Art Design Studio

Discover the easiest way to create stunning visuals like images, logos, posters, flyers, stickers, and more with the power of Generative AI! Whether it’s for business, personal use, or just for fun, ImagineArt empowers everyone to design anything from anywhere. 

IMAGINE IT. TYPE IT. GENERATE IT.
Bring your creative ideas to life with our AI Image Generator and AI Art Generator. Create content like logos, portraits, stickers, social media po",4.1
9,FlipaClip: Create 2D Animation,Art & Design,"Bring your drawings to life with FlipaClip app — the ultimate 2D animation maker and cartoon drawing app loved by millions!  FlipaClip lets you draw, animate, and create short animated movies and flipbooks.

Discover why millions of influencers and creators love this animation maker — it’s the easiest way to bring drawings, cartoons, anime, and stories to life. Whether you want to learn how to draw anime, draw animation, create memes, stick animations, or start your next cartoon series. Turn y",4.5
10,Pratilipi - Read Stories,Books and references,"Welcome to Pratilipi, India's largest digital storytelling platform and ultimate free story app. Discover 6+ million free stories, novels, romantic books, and Hindi kahaniyan by talented Indian writers. Pratilipi app connects millions of readers and writers across Hindi, Tamil, Bengali, Telugu, Marathi, and regional languages. Whether you love romantic novels, CEO romance, horror kahaniyan, suspense thrillers, fantasy adventures, or motivational books, this story reading app delivers everything ",4.8
11,Amazon Kindle - eBooks & more,Books and references,"READ ANYTIME, ANYWHERE

On the bus, on your break, in your bed—never be without a book. Built for book lovers, the Kindle app puts millions of eBooks, including textbooks and comics in English and a number of Indian languages at your fingertips.

FIND YOUR NEXT GREAT READ

-Find your next great read with Kindle. Choose from over seven million Kindle eBooks, comics and more and start reading in seconds. Explore notable new releases, Amazon best reads, best sellers and titles across genres l",4.6
12,Audible: Audio Entertainment,Books and references,"Escape into stories you love with Audible. Discover a world of audiobooks, exclusive podcasts, and Audible Originals—where powerful storytelling meets immersive sound. Download audiobooks & podcasts to listen offline, so you are never without a great story. 

Discover thousands of titles across every genre: mystery, self-development, romance, sci-fi, fantasy, and more. Personalize your experience with features like adjustable narration speed, sleep timer, and bookmarks & notes. Everything you ",4.4
13,Storytel: Audiobooks & Ebooks,Books and references,"Welcome to a wide world of wonderful audiobooks, ebooks, and things that aren’t books but are still pretty great.

Storytel is home to beloved stories and exclusive Storytel Originals.

Whether you listen or read, you’ll find the right story for any moment.

• Explore a massive library of audiobooks and other stories in English as well as Marathi, Tamil, Malayalam, Hindi, Bengali, Kannada, Gujarati, Assamese and Telugu
• Jump freely from story to story until you find one you love
• Build",4.3
14,Tapon,Books and references,"𝗧𝗮𝗽𝗼𝗻 — 𝗬𝗼𝘂𝗿 𝗨𝗹𝘁𝗶𝗺𝗮𝘁𝗲 𝗢𝗻𝗹𝗶𝗻𝗲 𝗡𝗼𝘃𝗲𝗹 𝗟𝗶𝗯𝗿𝗮𝗿𝘆 & 𝗥𝗲𝗮𝗱𝗶𝗻𝗴 𝗔𝗽𝗽!

🔥 Join millions of readers who choose Tapon as their go-to online novel library! Whether you love romance, fantasy, werewolves, billionaires, or vampires, Tapon delivers the best online novels — fresh stories updated daily to satisfy every taste.

>>📚 Massive Online Novel Library 
• Fresh Stories Added Daily
New online novels added every day — always something fresh to binge and explore!
• Diverse Genres for Every Reader
From con",4.6
15,Goodreads: Book Reviews,Books and references,"Find and share books you love on Goodreads, the world's largest site for readers and book recommendations. More than 75 million members have added more than 2.2 billion books to their shelves. 

Goodreads is a free service. 

FIND BOOKS
• Scan book covers to instantly read reviews and save it on your Want to Read shelf. 
• Get personalized recommendations based on your tastes. 
• Browse featured books and genres to discover more books you'll love. 
• See what your friends are reading. 
",3.9
16,Coursera: Grow your career,Education,"Start, switch, or advance your career with more than 8,000 courses, hands-on projects, certificate programs, and degrees. Coursera partners with world-class companies and universities, so that you can learn with experts and build the most job-relevant, in-demand skills.

WITH COURSERA YOU CAN:
• Learn job-relevant skills and industry-standard tools through hands-on projects
• Build knowledge for your career across a wide range of industry-tailored courses
• Get job-ready for an in-demand ro",4.5
17,Udemy - Online Courses,Education,"Skill up, stand out, and stay ahead - right from your phone. Udemy is where the world builds skills for tomorrow. Our app puts the power of our AI-powered skills development platform in your hands, helping you gain in-demand capabilities to advance your career, stay adaptable, and unlock new opportunities.

Whether you're preparing for your next role in tech, switching careers, or strengthening your core business, leadership or communication skills, Udemy offers dynamic, personalized tools to ",4.5
18,Great Learning: Online Courses,Education,"The Great Learning app enables professionals & new graduates to learn in-demand skills and help them achieve career success. 

What do you get from the app - 

Get complete access to full-time postgraduate, Masters and Degree programs for working professionals as well as short, free courses to get started with. The courses are focused on building skills in the field of - 

* Data Science
* Machine Learning
* Artificial Intelligence
* Cloud Computing
* CyberSecurity
* Marketing and Fin",4.5
19,Unstop,Education,"Hiring & engagement platform with 27M+ students, 1000+ brands & 40,000+ colleges.

Unstop is your Playground of Opportunities to learn, practice, get mentored and find jobs & competitions to advance your career. With a vast network of early talent, recruiters, companies and colleges, Unstop is on a mission to create the largest community of employable talent in the world. Here’s how you can unlock your career with Unstop.

1. Learn in-demand skills
With 50+ courses across tech and non-tech ",4.2
20,Simplilearn: Online Learning,Education,"With more than 400 certificate courses taught by around 2000+ expert trainers, Simplilearn is a leading online learning platform that provides professional certification courses in various fields such as Artificial Intelligence, Digital Marketing, Cloud Computing, Project Management, and more. 

Why choose us?
✅Job alerts & placement guarantee programs
✅Real-world business skills
✅Learn from industry-experts
✅Develop skills for career growth
✅Learn by working on real-world problems
✅Live",4.4
21,Adda247 Exam Preparation App,Education,"Adda247 is India’s No.1 vernacular learning platform & the largest vernacular test prep platform catering to the learning needs of aspirants in more than 12 Indian languages.

Download & get-
- Unlimited Mock Tests - 400 Million Mock tests attempted
- Live Classes every day
- Video Courses - 50,000+ hours of recorded content
- 4000+ E-Books
- Free Previous Solved Papers
- Exam Notification, Govt. Job Alerts & Entrance Important Updates.
- 20,000+ Interactive Quizzes, notes, & practice q",4.4
22,AhaGuru Courses,Education,"AhaGuru Courses app will make you fall in love with Physics and Maths.

This app will help you understand concepts so deeply that you will never forget them.

AhaGuru videos are designed to ensure you learn faster and develop a visual model of concepts.  

The solved example videos teach unique problem solving techniques that makes it super easy to solve questions. 

AhaGuru Courses app will help you master the topic with its wide variety of practice questions.

The certificates, medal",3.7
23,Testbook: Exam Preparation App,Education,"Whether you’re preparing for SSC, Railways, Banking, Teaching, Defence, UPSC or State PSCs, Testbook is your ultimate destination for Sarkari Exam Prep — helping you learn, practice, and succeed anywhere, anytime.

Top Features of the Testbook App:
• 2 Lakhs+ Mock Tests & Previous Year Papers for real exam-level practice
• Live Coaching & Video Lectures from India’s SuperTeachers for Govt Exams
• 12+ Languages
• Free Daily Current Affairs & GK Capsules for all major Competitive Exams
• Do",4.3
24,BYJU'S – The Learning App,Education,"Learning app with LIVE online classes, instant doubt resolution, LIVE classrooms for classes 4-10, personalised study app for Maths, Science, Social Studies, video lessons and more. 

Welcome to BYJU’S - The Learning App, India’s largest online learning program & every student’s favourite learning companion! 


This is one of the world’s best study apps for classes 4-10. With the perfect blend of engaging video lessons & personalised learning, this padhne wala app has been designed to help ",4.1
25,Unacademy: Learn & Crack Exams,Education,"Unacademy – India’s Largest Online Learning Platform

Prepare for UPSC CSE, IIT JEE, NEET UG, CAT, GATE, CA, NET, Banking, Judiciary and more – all in one app. With India’s top educators from IITs, IIMs & top Medical Colleges, Unacademy is the trusted choice of 10M+ learners across the country.



Why Do Learners Choose Unacademy?


• India’s best UPSC CSE prep – current affairs, prelims, mains, optional & interview guidance


 • JEE & NEET coaching from IIT & Medical experts


• ",4.1
26,"Vedantu | JEE-NEET, Class 1-12",Education,"Vedantu is India's leading online education platform, offering LIVE interactive classes for students from Kindergarten to Grade 12, including courses for competitive exams like IIT-JEE and NEET. Our mission is to make quality education accessible and engaging, ensuring learning never stops.
Key Features:

  LIVE Interactive Classes 🎥: Engage with India's best educators through our interactive platform, making learning dynamic and personalized.
  Instant Doubt Solving ❓: Get your queries reso",4.3
27,Swayam,Education,"SWAYAM is a programme initiated by Government of India and designed to achieve the three cardinal principles of Education Policy viz., access, equity and quality. The objective of this effort is to take the best teaching learning resources to all, including the most disadvantaged. SWAYAM seeks to bridge the digital divide for students who have hitherto remained untouched by the digital revolution and have not been able to join the mainstream of the knowledge economy.

This is done through an i",4.1
28,edX online learning,Education,"Meet the online learning platform that prepares you for every career moment. Register for free to discover:

- Options for every budget, from free courses to professional certificates to full degrees.
- World-class content partners like MIT, Harvard, Amazon, and Google.
- Upskilling opportunities in critical disciplines like AI, supply chain, and sustainability.

It’s never too late or too early to join edX. Our courses and programs meet you where you are in your professional trajectory. Y",4.6
29,"Groww Stocks, Mutual Fund, IPO",Finance,"Groww is India's No.1 Stock Broker 🏆, trusted by 4 Crore+ Indians. Open a free demat account and start investing & trading.

🚀Groww is your one app to invest & trade in:
👉Stocks
👉Mutual Funds
👉Futures and Options Trading (F&O)
👉Gold and Silver
👉Margin Trading Facility (MTF)
👉Commodity Derivatives: Gold, Silver, Crude Oil, Natural Gas and more
👉Exchange Traded Funds (ETFs)
👉IPO
👉Bonds
👉API Trading

Reasons why Indians love investing on Groww
👉 Free demat account (Individual, HUF, C",4.7
30,Binance: Buy Bitcoin & Crypto,Finance,"Securely buy, sell, and hold cryptocurrencies like Bitcoin (BTC), Ethereum (ETH), Ripple (XRP), Dogecoin (DOGE), Pepe (PEPE) & Shiba Inu (SHIB) with low trading fees. Trusted by over 30 crore users worldwide, Binance is the world’s largest cryptocurrency exchange*
Here is why:

TRADE YOUR FAVORITE TOKENS AND MORE

Trade over 500 listed cryptocurrencies, including Bitcoin (BTC), Ethereum (ETH), Solana (SOL), Ripple (XRP), Dogecoin (DOGE), Pepe (PEPE) & Shiba Inu (SHIB)
Track the market usin",4.5
31,Upstox- Stocks & Demat Account,Finance,"Welcome to Upstox! We're here to help you Invest Right in Stocks, Mutual Funds, IPOs, Fixed Income, Fixed Deposits, T-Bills, Bonds & Gold for long-term wealth building. And trade in Equities, Options, Futures, Currencies & Commodities via our mobile and desktop platforms. We’re trusted by 1.3+ Cr Indians and backed by the late Mr. Ratan Tata.

1. Upstox Pro for Traders: Helps You Trade Right

• Advisory services by SEBI-registered RAs
• Strategy Chain with preset strategy templates, Greeks,",4.4
32,"Navi: UPI, Insurance & Loans",Finance,"Navi, your all-in-one financial superapp designed for diverse financial needs, offers a range of services for your convenience. From lightning-fast UPI payments to smart investments in mutual funds and gold, quick cash loans, reliable health insurance coverage, and effortless home loans, Navi has you covered. Download the Navi app and unlock a world of possibilities for your financial well-being.

1. Navi UPI
Simplify money transfers with Navi UPI (NPCI Approved).
Navi UPI Features
✅ Instan",4.5
33,"MetaTrader 5 — Forex, Stocks",Finance,"Forex & Stock brokers offer traders investing in shares and currency trading via MetaTrader 5. Your MT5 features real-time quotes, financial news, FX & stock charts, technical analysis and online trading. Free demo accounts are available.

Risk Warning: Our programs may involve real trading with a high risk of losing money rapidly. Most retail investor accounts lose money when trading financial products. You should consider whether you understand how various financial products work and whether",4.7
34,LinkedIn: Jobs & Business News,Business & Job Search,"Welcome professionals! The key to getting in is getting started. Begin your career journey and build connections with LinkedIn. Build your online resume and start your next job search with one of the largest social networking apps. Find work today & join a trusted community of 1 billion members.

Apply for jobs, build your professional network, and highlight your skills. Set job alerts to find the ideal fit for you. From freelance jobs or remote work to full-time or part-time jobs - LinkedIn w",4.3
35,Indeed Job Search,Business & Job Search,"Discover your next job opportunity on Indeed, the free job search app designed to connect you with better work anytime, anywhere.

Forget the other job search apps. With 12 jobs added every second and smart search filters to quickly narrow in on your ideal role, your next job is at your fingertips.

Whether casually browsing or urgently applying, Indeed has the jobs you want, all in one place, with advanced functionality to help you find work that meet your needs and easily apply from your d",4.5
36,WorkIndia Job Search App,Business & Job Search,"WorkIndia – Free Job Search App for Everyone!

Find your dream job anywhere in India with WorkIndia, the best free job app to search online jobs, part time jobs, and local jobs in your city. Apply directly to verified companies and call HR directly — no consultancy or middlemen involved.

WorkIndia connects blue collar and grey collar candidates with trusted employers across India. Whether you’re looking for delivery jobs, driver jobs, back office jobs, or fresher jobs, WorkIndia helps you g",4.3
37,apna Job Search App,Business & Job Search,"Looking for a job that suits you the best?

Explore endless possibilities with the apna online job search app, the ultimate platform for finding jobs in India and beyond. Whether you are an experienced professional, a recent graduate, or searching for jobs nearby with an easy commute, apna is one of the best job apps that can be your gateway to meaningful employment opportunities curated to your specifications and qualifications.

What makes the apna job app stand out from others?

● Diver",4.7
38,Internshala Internships & Jobs,Business & Job Search,"About the Internshala app:

Make your career dreams a reality with Internshala’s free internship & job search app trusted by 21Mn+ candidates and 300K+ companies. 

On the Internshala app, you can find internships and jobs that suit you best from a range of work from home, part-time, in-office, and international opportunities in the profiles of your choice.  

It guides you through the job and internship search process from the very beginning till you get hired and beyond! With its inbuilt",4.4
39,Lokal Jobs - Job search app,Business & Job Search,"JOB SEARCH APP

Are you on a job search in your hometown or native place? 
Lokal App has part-time and full-time vacancies, work from home (WFH) options in 5 states in India. You can use the app in your regional language - Telugu, Tamil, Kannada, Marathi & English

Discover a variety of  job opportunities in these cities:
📍Telangana - Hyderabad, Warangal, Rangareddy, Karimnagar, Khammam, Nizamabad
📍Andhra Pradesh - Krishna-vijayawada, Guntur, Chittoor, East-Godavari, Visakhapatnam, Chitto",4.3
40,Fiverr - Freelance Service,Business & Job Search,"Running a business around the clock? Rushing to complete a project on-the-go? Fiverr is here to help. With the leading online marketplace for digital freelance services, Fiverr provides instant access to a global network of remote freelancers.

Fiverr connects entrepreneurs to experts to help them get every great idea done. Whether you need a variety of services to build your business from the ground up or one expert to complete one perfect job, Fiverr offers a world of creative freelancers. I",3.8
41,Freelancer: Hire & Find Jobs,Business & Job Search,"Winner of multiple people's choice Webby Awards, Freelancer.com turns ideas into reality. We are the world’s largest freelancing, outsourcing, and crowdsourcing marketplace that connects freelancers and those who want to hire freelancers. Hire the best talent or find work from anywhere in the world. Download today to get things done!

Hire professionals in any field:
We have millions of freelancers ready to work on thousands of jobs: find software engineers, web developers, graphic designers,",4.0
42,Glassdoor | Jobs & Careers,Business & Job Search,"Find the right job faster with the Glassdoor app. Shortcut your search with our new AI-guided experience and get matched instantly to roles that are compatible with your goals. Get personalized insights on company and culture-fit based on real employee reviews. Stay linked in with coworkers and industry leaders to get career advice, resume and interview tips, and answers to tough questions through candid conversations in Bowls.

Glassdoor now offers:

INSTANT JOB MATCHES & EASY APPLY 
Get m",4.5
43,Blinkit Picker Onboarding,Business & Job Search,"Work inside a Blinkit store. Choose from 1000+ stores pan-India. Choose a job type suitable to you,  full-time or part-time. Earn by working with Blinkit now (no deliveries required!).

How it works:
Quick signup: Create an account in minutes.
🏪 Choose your store: Select a Blinkit store where you want to work.
✔️ Verify your details: Provide the necessary documentation.
🎰 Book your slots or join a store full time: Pick your working style and start earning.

Benefits of Full time job:
📆 ",4.4
44,Naukri - Job Search App,Business & Job Search,"Naukri Job Search App is your go-to platform for exploring the best job vacancies in India and connecting with over 500,000 active recruiters. It also offers curated career content, salary insights, industry and business news (Minis), an AI resume maker, and profile enhancement services to boost your chances of getting hired.

How to Create a Profile on the Naukri Jobs App:

1. Download and open the job search app.
2. Sign up with your email or mobile.
3. Enter personal details and set a p",4.6
45,"Job Hai - Search Job, Vacancy",Business & Job Search,"Job Hai is the best Job Search App that provides verified Job vacancies in 420 popular cities across 45+ categories free of cost!

Download Job Hai, the best job search app to find part time jobs, full time jobs, work from home jobs, fresher jobs in India. Apply jobs for 10th pass, 12th pass, graduate from different categories like data entry jobs, driver jobs, content writer jobs, security guard jobs, online work, accountant jobs, teacher jobs, graphic/web designer jobs, it jobs, telecaller j",4.4
46,Naukrigulf - Job Search App,Business & Job Search,"Naukrigulf is a job search app and is not affiliated with any government entity. This app provides job-related information and services, and it is not a source of official government information.

Looking for jobs in the Gulf? Your search for the latest job vacancies ends here.
Apply to the latest Jobs anytime, anywhere with Naukrigulf app - one of the top job search apps in the Gulf. Indeed, we are among the top choices of job seekers.  Over 1 million Android users count on Naukrigulf app to",4.3
47,SEEK Jobs & Employment,Business & Job Search,"Find the right job for you with SEEK, Australia and New Zealand's #1 employment marketplace. Whether you're taking your first career step or seeking your next professional challenge, SEEK connects you with thousands of companies looking for people just like you. Search and apply for jobs anywhere, any time.  

FIND THE PERFECT JOB EASILY AND QUICKLY 
• Our advanced search tools let you filter by location, salary range, work type (remote, hybrid, on-site) and more, ensuring you see opportuniti",4.7
48,Shine.com Job Search App,Business & Job Search,"Shine.com is a Job Search App with more than 50 Lakhs registered app users benefiting from the Job finder services.

The app offers a smooth experience while searching for some of the best fresher jobs, full-time jobs, graduate jobs, jobs near me, IT jobs, Work from home jobs in reputed International and Indian companies. You can also search for your dream job within minutes.

The Fast and Updated Shine Jobs App allows you to find the Latest jobs from more than 3 Lakh Job Vacancies across do",3.8
49,ABHA,Medical,The National Health Authority (NHA) under its flagship scheme of Ayushman Bharat Digital Mission (ABDM) has revamped the Ayushman Bharat Health Account (ABHA) mobile application of the Government of India (GoI) with a new User Interface (UI) and new functionalities. This will enable the Indian citizens to do easy registration of ABHA address (username@abdm). ABHA Mobile application provides the individuals with a longitudinal view of health records with an option to link and share post user cons,4.5
50,Ayushman App,Medical,"Ayushman is an official mobile app from Govt. of India.

Ayushman Bharat – Pradhan Mantri Jan Arogya Yojana (PM-JAY), is a flagship scheme of Government of India to provide cashless secondary and tertiary care treatment from the empanelled public and private hospitals providing coverage to more than 10 crore poor and vulnerable beneficiary families. 

National Health Authority (NHA) is the apex body responsible for the implementation of Ayushman Bharat PM-JAY.

Ayushman app can be used to ",4.0
51,Apollo 247 - Health & Medicine,Medical,"About Us
We are India’s largest and trusted omnichannel Medical and Pharmacy App for medicines, lab tests and doctor consultations.

Apollo 24|7 also offers 19-minute* medicine delivery in Delhi, Noida, Gurugram, Hyderabad, Bangalore, and Kolkata. Being the best medical app, our offerings include online doctor consultation, lab test sample from home pickup and medicine delivery at home. Our medicine app lists 5,000+ credible Apollo hospital doctors, 1000+ lab tests and 60,000+ SKUs with medic",4.6
52,PharmEasy - Healthcare App,Medical,"PharmEasy is one of India's top online pharmacy apps

You can now…
Stay with your baby, we’ll deliver the diapers.
Play with your pet, we’ll deliver its treats.
Family sticks by you in sickness, and that’s what we are, your Pharmily. 🤗

Order medicines online & enjoy Same-Day Delivery in select cities. 🏠 Download the PharmEasy medicine delivery app now & take care of your family’s healthcare needs at great discounts, all from the comfort of your home.

PharmEasy is a part of 4 crore+ fa",4.5
53,MedPlus Mart - Online Pharmacy,Medical,"Buy genuine medicines, baby, nutrition, healthcare, personal care, diabetic and other speciality products at the best prices using the MedPlus Mart App. This app provides you access to all the services provided by MedPlus pharmacies conveniently from the comfort of your home through an easy to use interface.

MedPlus Mart App is a comprehensive medical App where you can not only order medicines but also read important information about the medicines you take, their alternatives or substitutes,",4.3
54,TATA 1mg Online Healthcare App,Medical,"About Tata 1mg

We are India's leading, & most-trusted online pharmacy & healthcare app. From doctor consultations on chat to online medicine delivery & lab tests at home: we have it all covered for you. We are active in 1000+ cities including Delhi, Gurgaon, Noida, Mumbai, Pune, Ahmedabad, Lucknow, Bangalore, Kolkata & many more. 

At Tata 1mg you can:
- Order Medicines Online
- Book Lab Tests 
- Consult Doctors Online
- Read Health Tips
- View Medicine Information
- Set Medicine Remi",4.7
55,Way2News Daily News App,News and magazines,"🌟 Discover Way2News: Indian Hyperlocal Short News App 🌟
Way2News, India’s largest Hyperlocal short news App, is your go-to source for daily local news in various vernacular languages presented in a short-summarized format, trusted by millions of Indians.

Install now & access verified Telugu news, Tamil news, and more. 

Get daily tailored news updates based on your preferred language & location, including the latest election news with live updates and results for 2024.
Experience diverse ",4.7
56,Dailyhunt - News & Magazines,News and magazines,"New Feature: 
- Introducing Dailyhunt Premium
- 9000+ Magazines & eNewspapers
- No ads, enjoy uninterrupted reading

- Xpresso news & videos on Dailyhunt. News that matters in time that matters. Xpresso’s available in Hindi & English, coming soon to all languages.

- Just read news at a glance with images & videos on Xpresso in a visual and fun way

- Dailyhunt, app for News & Videos – Local, National & International News,
Politics, Entertainment, Cricket & much more!

- News, videos",4.7
57,Google News - Daily Headlines,News and magazines,"Google News is a personalized news aggregator that organizes and highlights what’s happening in the world so you can discover more about the stories that matter to you.

With Google News, you’ll find:

YOUR BRIEFING: It can be nearly impossible to keep up with every story you care about, Your Briefing makes it easy to stay in the know about what’s important and relevant in your world. It updates throughout the day to bring you the top local, national, and world headlines, plus personalized n",3.9
58,Times Of India News App,News and magazines,"The Times of India news app provides a seamless news-reading experience with the latest updates from India and around the world. Stay informed on local, national and global news, political developments, live cricket scores and updates across business, technology, and entertainment. Available in 14 languages, including English, Hindi, Telugu, Tamil, and more, the TOI newspaper app ensures you never miss important stories and latest news.

Key features include:
News Briefs: Quick, concise updat",4.3
59,Inshorts - News in 60 words,News and magazines,"Inshorts is India’s highest-rated news app that brings you the latest and best stories from national and international sources, all summarized in just 60 words or less. Stay informed without the clutter: no opinions, no extra noise, only facts that matter. Whether it’s government policies, stock market updates, or the latest Bollywood gossip, Inshorts keeps you updated in seconds. Now available in English and Hindi. 

Now browse multiple features with ease.

My Feed 
Short, crisp, and perso",4.2
60,Lokal: Breaking Info & Jobs,News and magazines,"Lokal App, India's Top rated hyperlocal app, offers daily local information in vernacular languages, given in a concise, summary format. You can also search for jobs in your local area, for absolutely free!! 
More than 2 crore Indians trust Lokal App.

Get minute to minute, complete information in తెలుగు, தமிழ், ಕನ್ನಡ, मराठी, ગુજરાતી, മലയാളം, বাংলা, and ਪੰਜਾਬੀ. Stay updated with all updates from your locality.

Other Features - Daily Digital Magazine, Whatsapp Stories, Interesting Facts, Ge",4.0
61,Mint: Markets & News,News and magazines,"Welcome to Mint, India’s premier and most trusted financial news platform, designed to empower your investment journey. The Mint app is your indispensable guide, delivering real-time share market news, live stock market updates, in-depth business analysis, and exclusive IPO alerts directly to your device. Whether you're a seasoned day trader, a long-term investor, a business professional, or a student, Mint is designed to provide the clarity and insights you need to make smarter, more profitable",3.9
62,News18: Breaking & Local News,News and magazines,"News18 is India’s leading news app, delivering breaking news and live updates from across the country and around the globe. It is the flagship digital news destination of Network18, India’s largest news and media conglomerate, and is also the digital face of the News18 network’s leading television news channels that include market leaders such as CNN-News18 (Formerly CNN-IBN and earlier known as IBNLive), News18 India, News18 Lokmat, News18 Bangla and many more. For long-time viewers familiar wi",4.3
63,Hindustan Times: Daily News,News and magazines,"Latest Daily credible news, IPL, Market Updates, World News, and insights from The Economist — all in one Daily News App and Daily Newspaper experience.
Experience the pulse of the world with the Hindustan Times News App, celebrating 100 years — your trusted Daily News App for Breaking News, Current Affairs, and Live Updates from India and around the world. Access trending stories, top headlines, and exclusive analyses. Be the first to get news updates and stay ahead with the fast, reliable, an",4.5
64,Economic Times : Business News,News and magazines,"Your reliable finance destination to track all business news & stock market news.

Get breaking news on Finance, Business, Stock market, Economy, & Investments. The Economic Times App delivers critical Business News, Financial information on Nifty, Sensex, NSE, BSE, exclusive stories, expert insights & advanced Stock Market tools, Stock Reports & Share Market changes.

Download the app now to stay ahead of the markets. Decode business trends & dive deep into what really moves markets. 

Cr",4.7
65,India Today - English News,News and magazines,"Stay ahead with India Today, India’s most trusted English news channel—now on your smartphone. Get Live TV, breaking news in English, real-time updates, and in-depth analysis across politics, world affairs, sports, business, technology, entertainment, and more.

🚀 Why India Today?

Live TV & Audio News: Watch India Today Live anytime, anywhere, absolutely free. Stream live news from Aaj Tak and Good News Today channels seamlessly. Prefer listening on the go? Switch to audio mode and stay upd",4.2
66,Photomath,Mathematics,"Photomath is known worldwide for helping millions of learners to learn, practice, and understand math – one step at a time. 

Scan any math problem with the Photomath app to get step-by-step explanations with accurate solutions and a variety of teacher-approved methods. Math is about the process, so Photomath breaks your problem into bite-sized steps to help you understand the “what” and “why” along with the “how.” Whether you’re learning basic arithmetic or advanced geometry, we’ll tackle it ",4.1
67,Matiks: Math and Mind Games,Mathematics,"Step into the arena where numbers meet strategy! 

Matiks transforms mental math into a thrilling esport 🎮, blending fast-paced competition with brain-boosting fun. Matiks is your ticket to mastering calculations, outsmarting rivals, and leveling up your cognitive skills 🧠 – all in real time.

Ready to compete? 🤺

Challenge friends or take on players worldwide 🌏 in live math battles that test speed, accuracy, and smarts. 

From daily brain training to global leaderboards, Matiks turns pr",4.7
68,1st - 12th Grade Math Problems,Mathematics,"Learn math 
Free basic math games are suitable for all age groups to practice math and improve arithmetic skills and a great exercise for the brain!


Mathematics
Help children for learning basic math like addition, subtraction, multiplication and division with free tests and fun games. Decimals, geometry, fractions, equations, arithmetic and algebra are also available at a suitable level for all age groups. You can select math problems from the list and create math tests, which makes child",4.3
69,Khare Maths App | 3rd-10th,Mathematics,"Are you a parent worried about your child’s performance in maths? Struggling to find the right maths app that truly makes a difference? At Khare Maths, we’ve been revolutionising maths education for over 50 years, improving lakhs of students, combining expert teaching with cutting-edge technology to help students excel in mathematics. Our best maths teachers deliver personalized, 1-on-1 online maths sessions to students from class 3-10 (CBSE, ICSE and State Boards), ensuring they grasp every fun",4.4
70,Extramarks – The Learning App,Mathematics,"Extramarks welcomes you to a future-ready, all-in-one learning platform trusted by millions of students, parents, and educators across India and beyond. Designed for K-12, JEE, and NEET aspirants across all boards—including CBSE and ICSE.

Experience personalised learning paths, adaptive assessments, and interactive multimedia modules that make even the toughest concepts easy to understand. With comprehensive NCERT solutions, solved question papers, mock tests, and unlimited practice questions",3.8
71,Stimy AI: Math Solver App,Mathematics,"With Stimy AI: Math Solution Solver, you get the most accurate AI to help you with homework or to practice math to pass tests.

📚 Looking for the best math app? Stimy AI is designed to be your go-to math app for everyday learning, revision, and success. Whether you're doing homework or preparing for exams, this math app makes it easy, fast, and stress-free.

🧠 Stuck on a problem and need the best math solutions? Stimy AI provides instant math solutions with clear explanations. From basic ari",4.5
72,Crossmath® - Math Puzzle Games,Mathematics,"The BEST FREE math crossword puzzle games for you! Relax and train your brain with number puzzles! Play the game anywhere, anytime!

Cross Math Crossword Puzzles Game is more challenging than it looks! This engaging number puzzle game tests your math skills with a series of brain-teasing equations. Solve crossmath puzzles and crossword puzzles using addition, subtraction, multiplication, and division while sharpening your logic and critical thinking. Each number game level offers a new math cr",4.9
73,Duolingo: Language Lessons,Language Learning,"Learn a new language with the world’s most-downloaded education app! Duolingo is the fun, free app for learning 40+ languages through quick, bite-sized lessons. Practice speaking, reading, listening, and writing to build your vocabulary and grammar skills.

Designed by learning experts and loved by hundreds of millions of learners worldwide, Duolingo helps you prepare for real conversations in Spanish, French, Chinese, Italian, German, English, and more.

And now, you can learn Math, Music, ",4.6
74,MySivi AI English Speaking App,Language Learning,"MySivi AI -  Your Personalized English Speaking App to Improve English Fluency

MySivi is the ultimate english speaking app to help you speak English confidently through real conversations and AI guidance. Whether you need an English learning app for interviews, classes, or daily talks, this free English speaking app gives you everything to learn English speaking simply. As a complete AI English speaking app, MySivi combines instant feedback, live practice, and personalized lessons to help you",4.6
75,Memrise: Languages for life,Language Learning,"Over 78 million people have already chosen Memrise to achieve their language goals— make it your resolution this year! Whether it’s finally speaking Spanish, brushing up on French, or mastering Japanese, Memrise makes learning authentic, engaging, and unforgettable.

Start 2026 strong by picking up a new language and sticking to it! With real-life conversations, cultural insights, and the confidence to speak like a local, Memrise is your ultimate partner for turning your resolution into realit",4.4
76,Speak: Language Learning,Language Learning,"Get ready to take your language skills to the next level with Speak, the ultimate language learning app focusing on improving your speaking abilities. Powered by cutting-edge AI technology, Speak ensures that you gain fluency by engaging in real-life conversations and receiving instant feedback. Whether you are learning Spanish, English, French, Italian, Japanese or Korean, Speak's AI-powered lessons will have you learning a new language fast.

With Speak, you'll feel like you have a personal ",4.4
77,HelloTalk - Learn Languages,Language Learning,"Practice languages with native speakers on HelloTalk! We recently introduced HelloTalk Live and Voiceroom - interactive language and culture events to help you master languages through the content you love! 

HelloTalk, the original language exchange app, connects you with native speakers to practice languages (English, Japanese, Korean, Spanish, French, Mandarin Chinese, Portuguese, German, Italian, Russian, Arabic, Turkish, Hindi, Indonesian, Thai, Vietnamese and 260+ more) for FREE! 

Hel",3.6
78,LingoDeer - Learn Languages,Language Learning,"Want to learn a new language, such as Japanese, French, Spanish or Korean on your own? Give LingoDeer a try!

Available courses for English speakers:
Korean, Japanese, Mandarin Chinese, Arabic, French, German, Greek, Hindi, Indonesian, Italian, Malay, Polish, Brazilian Portuguese, Russian, Spanish (Latin American or European), Thai, Turkish, Ukrainian, Vietnamese.

What can LingoDeer do for you?
※ Learn to read and write a language with a unique alphabet system, such as Korean or Japanese ",4.5
79,Supernova: Learn English Fast,Language Learning,"Speaking English confidently becomes easier when every explanation helps you express yourself in real conversations. Supernova AI is a spoken English app designed to help beginners practice English speaking, improve communication, and build confidence step-by-step. With clear examples, simple explanations, and support for regional languages, including the option to learn English in Hindi, Telugu, and other Indian languages, learners understand how to speak correctly and naturally.

Supernova c",4.7
80,Ling – Language Learning App,Language Learning,"Are your New Year's resolutions ready? How about adding a new language to your goals? Download Ling to learn 40+ languages in 2026!

Unlock a free language learning experience with Ling, the top language app for learning hard languages like Thai, Tagalog, Serbian, Khmer, Cantonese, and more.

LANGUAGE COURSES

Say hello to 4 new languages! Learn Somali, Cebuano, Icelandic, and Sinhala only on Ling!

Learn Thai, learn Serbian, learn Tagalog, learn Albanian, learn Khmer, learn Korean, lear",4.5
81,Read Along by Google,Language Learning,"Read Along (formerly Bolo) is a free and fun speech based reading tutor app designed for children aged 5 and above.

It helps them improve their reading skills in English and many other languages (Hindi, Bangla, Marathi, Tamil, Telugu, Urdu, Spanish & Portuguese) by encouraging them to read aloud interesting stories and collect stars and badges together with ""Diya"", the friendly in app assistant. 

Diya listens to children when they read and offers realtime positive feedback when they read w",4.0
82,Programming Hub: Learn to code,Learn Programming & Coding IDE's,"Coding and programming app to learn to code with HTML, Javascript, C, C++, C#, Swift, Python, R Programming, Java, Artificial Intelligence, CSS, etc.  for free with a one-stop app - “Programming Hub: Learn to code”

This coding and programming app is created using research and in collaboration with Google experts and offers a perfect path to learn programming. You will learn to code like an expert, and also enjoy it like a game. It's easy, it's fast and it's fun!

✅ Google Play's Editor's Ch",4.8
83,Mimo: Learn Coding/Programming,Learn Programming & Coding IDE's,"Learn coding in Python, JavaScript, HTML, CSS, or SQL, and master modern AI-assisted development to become a developer in the age of AI. Mimo is a coding app that takes you from zero to building projects with AI. Gain the knowledge and tools to create production-ready software and pursue a job as a developer. Start building strong portfolio projects today, future-proof your skills, and take the next step beyond just programming syntax—download Mimo and launch your developer career now!

Who It",4.6
84,Learn Python Programming,Learn Programming & Coding IDE's,"Build your python skills on the go with this amazing free app to learn Python Programming. Become a Python programming expert by learning the python coding language.

Learn Python is a must have app for all coding learners or computer science students to learn python programming language whenever they want and wherever they want. Whether you’re preparing for a python interview or any exam that requires python programming knowledge, you can find amazing content on this programming learning app.",4.8
85,Learn C Programming,Learn Programming & Coding IDE's,"Learn C is a free Android app that makes it easy to learn C programming. You can use the app
to follow through C tutorials, write and run C code in each lesson, take quizzes and more. The app covers
all the core concepts of C programming language from basic to advanced step-by-step.

The Learn C app requires no prior programming knowledge and is perfect for beginners who want to learn C programming or
programming in general. If you do not know, C is a powerful programming language that has ",4.6
86,"Coding X : Learn Python, Java",Learn Programming & Coding IDE's,"Coding X will help you learn programming languages such as Python, Java, C Programming, C++, HTML, and CSS, and more with just 5 minutes a day with the Learn Programming app: Coding X 

Coding X is a one-stop app to support your needs to learn coding and programming. If you're planning to take up a software engineer job or want to excel in your exams then this app is made for you. Learning to code has never been so easy and fun!
Our learn to code app is created using research and collaboratio",4.8
87,GeeksforGeeks - Learn To Code,Learn Programming & Coding IDE's,"Welcome to the ultimate hub for programmers - the GeeksforGeeks app! 

Join our thriving community of over a million geeks who are mastering programming languages, preparing for competitive exams, and gaining insights from top company interviews. 

With 20,000+ programming questions, 40,000+ articles, and interview experiences from leading companies like Google, Amazon, and Microsoft, there's something for everyone, from beginners to experts.

🌟 Key Features:

🎯 Personalized Feed: Enjoy ",4.5
88,Replit: Vibe Code Apps,Learn Programming & Coding IDE's,"Replit is the best way to create and ship real projects, apps, games, and more right from your phone. With Replit, you can create anything, anywhere. Make apps & sites with natural language prompts. No-code needed

Tell Replit Agent your app or website idea, and it will build it for you automatically. It’s like having an entire team of software engineers on demand, ready to build what you need — all through a simple chat.

Here's what you can do with the Replit app:
• Build websites and app",4.1
89,Learn HTML,Learn Programming & Coding IDE's,"Build your HTML skills on the go with this amazing free app to learn HTML. Become a HTML programming expert by learning the HTML coding language.

Learn HTML is a must have app for all coding learners or computer science students to learn HTML programming whenever they want and wherever they want. Whether you’re preparing for an HTML interview or any exam that requires HTML programming knowledge, you can find amazing content on this programming learning app.

This amazing HTML Programming Le",4.7
90,Coding C,Learn Programming & Coding IDE's,"Coding C is really simple IDE. It provides compile and run functionality that allows beginners to verify their ideas as quickly as possible. The software does not need to download additional plugins.

Feature：
1.Code Compile & Run
2.Auto Save
3.Highlight Key Words
4.Open/Save file
5.Smart Code Hint
6.Format Code
7.Common Character Panel
8.Support Every InputMethod",4.4
91,Code Studio,Learn Programming & Coding IDE's,"Code Studio is an integrated development environment(ide) for developing android apps, java console programs and web sites on your device with support for auto completion and real time error checking among others.


 Features 

 Editor 
- Code completion for java.
- Real Time error checking.
- Auto backup if you leave the app without saving.
- Undo and Redo.
- Support for characters not normally present in the virtual keyboard like tabs and arrows.

 Terminal 
- Access the shell and",4.6
92,Pydroid 3 - IDE for Python 3,Learn Programming & Coding IDE's,"Pydroid 3 is the most easy to use and powerful educational Python 3 IDE for Android.

Features:
- Offline Python 3 interpreter: no Internet is required to run Python programs.
- Pip package manager and a custom repository for prebuilt wheel packages for enhanced scientific libraries, such as numpy, scipy, matplotlib, scikit-learn and jupyter.
- OpenCV is now available (on devices with Camera2 API support). *
- TensorFlow and PyTorch are also available. *
- Examples available out-of-the-bo",4.3
93,"WebCode - html, css, js ide",Learn Programming & Coding IDE's,"WebCode in an ide(integrated development environment) for the web with support for html, css and javascript.
It features a powerful editor with support for auto completion(only for html and css), syntax highlighting and indentation.

 Features 

 Editor 
- Auto Completion for html and css.
- Previewing your html files.
- Syntax highlighting for html, css, javascript and php.
- Indentation.
- Undo, Redo, Jump to, Find, Find and Replace.

 Console 
- Shows logs coloring them based on ",4.3
94,Cxxdroid - C/C++ compiler IDE,Learn Programming & Coding IDE's,"Cxxdroid is the most easy to use educational C and C++ IDE for Android.

Features:
- Offline C/C++ compiler: no Internet is required to run C/C++ programs.
- Package manager and a custom repository with prebuilt packages for common libraries, such as Boost, SQLite, ncurses, libcurl, etc.
- Graphics libraries such as SDL2, SFML* and Allegro* are also available.
- Examples available out-of-the-box for quicker learning.
- Full-featured Terminal Emulator.
- C/C++ interpreter mode (REPL) base",4.5
95,Mimo: Learn Coding/Programming,Learn Programming & Coding IDE's,"Learn coding in Python, JavaScript, HTML, CSS, or SQL, and master modern AI-assisted development to become a developer in the age of AI. Mimo is a coding app that takes you from zero to building projects with AI. Gain the knowledge and tools to create production-ready software and pursue a job as a developer. Start building strong portfolio projects today, future-proof your skills, and take the next step beyond just programming syntax—download Mimo and launch your developer career now!

Who It",4.6
96,Python Coding Editor & IDE App,Learn Programming & Coding IDE's,"Run Python code and learn Python on your mobile Device.
Become a Pythonista with this AI powered mobile programming editor.

Python coding on your mobile phone.
You can run, execute, and evaluate Python code, scripts, and programs from this app. 
Python 3 interpreter on your device.

Edit your code with a full-featured code editor that supports Python code highlighting, code completion, error checking, undo, redo actions, opening files, themes, colors, and fonts.

Write functions, and c",4.2
97,Code IDE : Compiler & Editor,Learn Programming & Coding IDE's,"🚀 Mobile Compiler IDE & Code Editor – 45+ Languages
Compile, Edit, Run & debug code on Android phones & tablets with high-speed cloud compilers!

🎯 Why Choose Our Mobile Compiler IDE?
  - All-in-one code editor & compiler with separate tabs for web (HTML/CSS/JS)
  - Lightning-fast execution powered by multiple cloud servers
  - Lightweight app (~4 MB) with offline editing & autosave

💻 Grouped Language Support
  Popular: Java, Python 3, C/C++, JavaScript
  Web: HTML5, CSS3, JS (Bootstr",4.0
98,Enki: Learn to code,Learn Programming & Coding IDE's,"Enki is your AI-powered work skills coach!

Use it to learn coding, no-code and productivity tools, data skills, and AI tools like ChatGPT. 

🤖 AI MENTOR IN YOUR POCKET

Think of Enki as an AI-powered technical mentor in your pocket that can:

★  Suggest bite-sized exercises based on your goals
★  Explain complex concepts in simple language
★  Help with hints anytime you're stuck
★  Review your code and give you feedback
★  Recommend resources based on your needs

🤓 LEARNING TAILOR",4.6
99,Sololearn: Learn to code,Learn Programming & Coding IDE's,"Are you ready to enhance your coding skills and deepen your understanding of how to code? With Sololearn, you can start learning to code in Python, JavaScript, HTML, CSS, SQL, and many other programming languages right away. Whether you're just beginning your coding journey or looking to improve your programming knowledge, Sololearn offers a wide range of courses designed to help you learn coding effectively and at your own pace. 

Why Choose Sololearn?

- Start Learning to Code with Ease: S",4.5
